model,version,description,strategy,count,count_with_bertscore,bertscore_mean,bertscore_std,bleu_mean,bleu_std,sari_mean,sari_std,perplexity_mean,perplexity_std,lens_mean,lens_std,fkgl_delta_mean,fkgl_delta_std,fre_delta_mean,fre_delta_std,fkgl_output_mean,fre_output_mean,phase,experiment_group,retrieval
claude-haiku-4-5,v1,step 1 - simple prompt engineering,constraint,189,189,0.871269929661322,0.0124982984073173,0.0881347860292095,0.0411717537252276,39.7795300948722,3.90790363345181,29.5352057300547,6.23616317943336,53.6680774092566,13.9405207311228,-6.57988630632178,1.82806755666968,23.5285707080219,8.56536991224878,4.67779857251161,76.8376910251089,Simple Prompt v1,Simple Prompt v1,none
claude-haiku-4-5,v1,step 1 - simple prompt engineering,structured,189,189,0.855904379218974,0.011179137128129,0.0490826116587031,0.02967056973988,36.2643176695447,3.73484983771481,27.4419847720515,5.61492190123732,51.7053552452777,14.4442399234238,-5.12612030188686,1.96888311588319,17.9637188098505,8.59781623293176,6.13156457694653,71.2728391269374,Simple Prompt v1,Simple Prompt v1,none
claude-haiku-4-5,v1,step 1 - simple prompt engineering,zeroshot,189,189,0.855616098358518,0.0107060296235715,0.0406149577144889,0.0258197726690529,35.4473322524467,3.6140617088197,27.1164539377525,5.50923446019971,55.2314346348367,13.7114286641787,-5.30062945986755,1.99882661489566,19.734071610758,8.51179215613671,5.95705541896585,73.0431919278449,Simple Prompt v1,Simple Prompt v1,none
claude-haiku-4-5,v1,step 2 - RAG top k=3,constraint,189,189,0.889614386217935,0.0148046264476231,0.18312719169222,0.0656034861577036,44.8256779356101,3.63932139295748,27.5435381995307,6.00304905822972,58.6135395800799,10.8564852839526,-5.44328023793709,1.62421173174983,18.2193784313684,6.68147845163571,5.8144046408963,71.5284987484554,Open AI RAG v2,,
claude-haiku-4-5,v2,step 1 - simple prompt engineering,constraint,189,189,0.876470464562613,0.0133772210049179,0.1011609122694,0.0465007667593013,40.7814303557461,3.97581087638817,27.9254935632938,5.81266022884645,59.0957312326215,12.3783880270038,-6.80323484426788,1.73388072283129,25.5944085350203,7.72821772238759,4.45445003456551,78.9035288521073,Simple Prompt v2,Simple Prompt v2,none
claude-haiku-4-5,v2,step 1 - simple prompt engineering,structured,189,189,0.869814871164857,0.0126188779508357,0.0785352554688467,0.0400331654424885,39.1189470098433,3.6087559280307,26.6984191016545,5.78672409154009,60.1446391907126,12.4485758945432,-6.38165167951509,1.7415637408398,22.4149934177451,7.77293207932803,4.87603319931831,75.7241137348321,Simple Prompt v2,Simple Prompt v2,none
claude-haiku-4-5,v2,step 1 - simple prompt engineering,zeroshot,189,189,0.870761555023294,0.0124778243804915,0.0760316716120446,0.0390726405517453,39.1510586816304,3.73830991605416,30.0182682673136,7.33106232671341,60.4389715918536,11.650903513922,-6.60162809313511,1.82902682636792,23.4428807417235,8.30331839303242,4.65605678569829,76.7520010588105,Simple Prompt v2,Simple Prompt v2,none
claude-haiku-4-5,v2,step 2 - RAG top k=3,structured,189,189,0.878000716683726,0.0127264791547586,0.123230503229363,0.0586710943815122,41.7391671397072,4.04168072895353,25.7680157908687,5.54581617575787,61.5577123535152,11.3219053901446,-5.82120107452443,1.76139159847771,19.6645437146449,7.69941677585435,5.43648380430896,72.9736640317318,Open AI RAG v2,,
claude-haiku-4-5,v2,step 2 - RAG top k=3,zeroshot,189,189,0.880799010001793,0.0144086372736418,0.12530023331521,0.0597577035095179,42.0932324049857,4.01844944803483,27.7929968556399,6.12503921808253,61.4396646802233,11.1676936132962,-5.82613617967059,1.68928551151725,19.7697054232081,7.48939381881568,5.4315486991628,73.0788257402951,Open AI RAG v2,,
claude-haiku-4-5,v3,BGE-RAG-full,constraint,189,189,0.897309203627248,0.0155010519605247,0.208554140876305,0.0706765754969429,44.7385436058676,3.93035491249496,28.6184858846917,6.49080135434753,70.3262242527202,7.35798298561955,-5.1693398010066,1.67584105097539,17.2004396707146,6.84109951858373,6.0883450778268,70.5095599878016,BGE RAG v3,,
claude-haiku-4-5,v3,BGE-RAG-full,structured,189,189,0.889766580213315,0.0159413460324229,0.171832257541736,0.0675991267934429,44.0544255095299,3.8650617790451,26.2769331755462,5.89307406303903,71.5685233604779,7.62147347269571,-5.52837504165994,1.60446887336933,18.4920537988958,6.44310283499737,5.72930983717346,71.8011741159828,BGE RAG v3,,
claude-haiku-4-5,v3,BGE-RAG-full,zeroshot,189,189,0.890489881946927,0.0174976719300324,0.168456646261333,0.0749088593149752,43.6069925237222,3.94835273319337,28.5188642027517,7.09755003976292,72.1689870283096,7.28427225936043,-5.53121774444765,1.7310749747006,18.8665925672875,7.48273539448229,5.72646713438575,72.1757128843746,BGE RAG v3,,
claude-haiku-4-5,v3,E5-RAG-full,constraint,189,189,0.898467539164124,0.0157266255362147,0.20935867344373,0.0714492769712932,44.660850879907,3.90777355965342,28.7159969390385,6.4423751255032,70.2133257817973,7.29129056763244,-5.12190058733617,1.53957867592069,16.7353934996186,6.18620453957635,6.13578429149723,70.0445138167056,E5 RAG v3,,
claude-haiku-4-5,v3,E5-RAG-full,structured,189,189,0.889502272719429,0.0164453906079154,0.173051565332746,0.07307572061325,44.0577363882083,4.05505316912225,26.0946731315088,5.28284337534973,71.96333581885,6.92263068748742,-5.48668306786914,1.56903045657473,18.2509012892891,6.68026622926379,5.77100181096426,71.5600216063761,E5 RAG v3,,
claude-haiku-4-5,v3,E5-RAG-full,zeroshot,189,189,0.890710360789425,0.0183272454409847,0.169812187559839,0.0735944479236305,43.8234101221538,3.99405776067043,28.0002010486744,6.54623353633891,72.6139133407287,6.89852125112553,-5.57354956687838,1.6649693993786,19.2315315299967,7.3659910207423,5.68413531195501,72.5406518470837,E5 RAG v3,,
claude-haiku-4-5,v3,step 2 - RAG top k=3 with upgrated prompt,constraint,189,189,0.897376275567151,0.0166038631869136,0.209418681219968,0.0748990945101752,44.8375877313803,3.8876140136506,28.2811814464589,6.32543372814622,70.7156242531665,6.52560722498171,-5.13158424953352,1.6059596082217,16.7534322375399,6.45823231241398,6.12610062929988,70.0625525546269,Open AI RAG v3,,
claude-haiku-4-5,v3,step 2 - RAG top k=3 with upgrated prompt,structured,189,189,0.889742480383979,0.016190094142519,0.170482065934056,0.0684909279349334,43.9030526996201,3.81817427679134,25.9033854751991,5.32209457583375,71.5992155812051,7.34219212825218,-5.58275771819548,1.66823054785739,18.9114137430224,7.29014297937657,5.67492716063791,72.2205340601095,Open AI RAG v3,,
claude-haiku-4-5,v3,step 2 - RAG top k=3 with upgrated prompt,zeroshot,189,189,0.889681598496815,0.0162318341614703,0.169047192677963,0.0678209291959776,43.6081835303735,4.00392069720436,28.6180131801222,6.09968588257978,72.2299903571752,6.85220921040701,-5.46913669426683,1.65544742065127,18.5853565085352,6.94839370396315,5.78854818456656,71.8944768256222,Open AI RAG v3,,
gemini-2.0-flash,v1,step 1 - simple prompt engineering,constraint,189,189,0.869407521984565,0.0125096950917786,0.0651737123295609,0.0319157526671393,38.1358376227526,3.61568282963098,28.5775543445002,6.92867272289843,57.5338640981295,13.4706087714522,-8.52057365925297,1.79219450273543,34.7825914975218,8.42095170379926,2.73711121958042,88.0917118146088,Simple Prompt v1,Simple Prompt v1,none
gemini-2.0-flash,v1,step 1 - simple prompt engineering,structured,189,189,0.845285221382424,0.0124072496667122,0.0290706436022991,0.0215992620307355,34.0137300119734,3.31606002585988,22.1711504446766,4.35737355917751,64.2245974916103,11.2814619287173,-5.76024120888603,2.02746531590424,23.7109898764042,9.77030567138195,5.49744366994737,77.0201101934912,Simple Prompt v1,Simple Prompt v1,none
gemini-2.0-flash,v1,step 1 - simple prompt engineering,zeroshot,189,189,0.850409355113115,0.0107830084117996,0.0250038062073276,0.0200533922004886,33.8201930404911,3.35964630331263,20.3047599641104,4.81708860108596,67.5750116756156,10.3522991494593,-7.42351723849956,1.90663213775164,31.0782997876508,9.21946343808018,3.83416764033383,84.3874201047378,Simple Prompt v1,Simple Prompt v1,none
gemini-2.0-flash,v1,step 2 - RAG top k=3,constraint,189,189,0.877503088857762,0.0140816922093759,0.0956002329107785,0.0469102815712304,39.3294809743393,5.03790722017052,26.9864465774052,6.48184697034581,58.8379739726827,13.0732063822658,-8.1159668225349,1.95272250375945,33.081577903481,9.0888051685649,3.14171805629849,86.390698220568,Open AI RAG v2,,
gemini-2.0-flash,v2,step 1 - simple prompt engineering,constraint,189,189,0.872662596917026,0.0134842828415001,0.0698382994649284,0.0337684699996577,38.6239912776973,3.66663371931708,27.3753307483814,7.64818836315796,60.7292383392891,12.1516124178728,-8.38144656883964,1.80257933066062,33.8892086167744,8.51195396435904,2.87623830999376,87.1983289338615,Simple Prompt v2,Simple Prompt v2,none
gemini-2.0-flash,v2,step 1 - simple prompt engineering,structured,189,189,0.869970768532425,0.0116184170685312,0.0654645849417431,0.0369073252411261,38.4896367114132,3.94173693188296,25.1128634296397,6.03926838974076,64.2493764588444,10.8320637632578,-7.66181943844251,1.81404197687683,29.9152078507635,8.40457311287904,3.59586544039089,83.2243281678505,Simple Prompt v2,Simple Prompt v2,none
gemini-2.0-flash,v2,step 1 - simple prompt engineering,zeroshot,189,189,0.875334894530988,0.0127361709527472,0.0785641978753824,0.0346953054000799,39.4324612430497,3.72290087254393,25.767455883127,7.42409652100745,64.3481671318364,11.5977075533076,-7.924476709036,1.74227955167417,31.614583392118,8.06508818630201,3.33320816979739,84.923703709205,Simple Prompt v2,Simple Prompt v2,none
gemini-2.0-flash,v2,step 2 - RAG top k=3,structured,189,189,0.881387700164129,0.0135133273150697,0.105935520782666,0.0406533792761236,41.2316797165465,3.90633517230741,23.7108207732912,5.93576653094683,68.0168227551472,10.3266263949006,-7.49472116468306,1.71492994259959,29.2799972638685,7.62542011447988,3.76296371415033,82.5891175809555,Open AI RAG v2,,
gemini-2.0-flash,v2,step 2 - RAG top k=3,zeroshot,189,189,0.879639896135482,0.0123207658825329,0.0928045601809546,0.0355500201840936,40.5703091925511,3.71173318145737,24.1977759921362,6.97668814059501,66.1497932595731,11.5255715103641,-7.92263731490552,1.73439900406925,31.6141681236308,7.90877989745064,3.33504756392787,84.9232884407178,Open AI RAG v2,,
gemini-2.0-flash,v3,BGE-RAG-full,constraint,189,189,0.887528781222288,0.0126156702062086,0.127264955983397,0.0424614563541244,42.4684455591018,3.5761268355764,26.2503357690478,6.44099107232747,64.1935323264889,10.4366613957916,-7.87965945981694,1.71840386163946,32.0676318946394,7.90034972225333,3.37802541901646,85.3767522117264,BGE RAG v3,,
gemini-2.0-flash,v3,BGE-RAG-full,structured,189,189,0.889477368700441,0.0136550235965556,0.138499600818004,0.0472297608752913,43.2420376942834,4.00351843771416,23.3813912376525,5.45625717934285,71.4166399239865,7.61889325988432,-7.16318453193326,1.6220392862479,28.0475290692917,6.97942541054689,4.09450034690013,81.3566493863787,BGE RAG v3,,
gemini-2.0-flash,v3,BGE-RAG-full,zeroshot,189,189,0.885753268918032,0.0132107475274631,0.100529122739294,0.0357406769939379,42.0057310489173,3.52175258448568,20.6754420547889,5.94695767939585,67.2278583053297,10.2607966123917,-7.83328749435131,1.72168712481589,31.1639944792887,7.68069054657998,3.42439738448209,84.4731147963757,BGE RAG v3,,
gemini-2.0-flash,v3,E5-RAG-full,constraint,189,189,0.887362135465814,0.0129938206633857,0.12636221747401,0.0438396015900975,42.4214124607987,3.64066430949394,26.0715594417834,6.52812913548551,64.2808741388477,10.400930144652,-7.86798707295936,1.74509626691749,31.9792190201139,7.9545205839463,3.38969780587404,85.2883393372008,E5 RAG v3,,
gemini-2.0-flash,v3,E5-RAG-full,structured,189,189,0.890632885473746,0.014072919752432,0.143040176183717,0.0456546014985275,43.4835609651958,3.81766158276282,23.3445260638282,5.60445458953694,71.4396488938718,6.65739127082286,-7.04612016804316,1.64948243275179,27.3642310981131,7.09794439603682,4.21156471079024,80.6733514152001,E5 RAG v3,,
gemini-2.0-flash,v3,E5-RAG-full,zeroshot,189,189,0.884590081121556,0.0129059624743586,0.100108246325823,0.0330249630249522,41.856254169815,3.43340389490407,21.5517688377824,6.99126926608258,65.618360646741,11.1546105599484,-7.86946457320486,1.74516831591589,31.2372338275629,7.82345264386943,3.38822030562854,84.54635414465,E5 RAG v3,,
gemini-2.0-flash,v3,step 2 - RAG top k=3 with upgrated prompt,constraint,189,189,0.886533085000578,0.0131218868553102,0.126122238907871,0.0450137545199165,42.5102767212361,3.68710838198665,26.3177547808047,6.3731273629243,64.9275492280454,9.98864644726498,-7.82793040778799,1.75977712938849,31.693928678023,7.97571974461476,3.4297544710454,85.0030489951099,Open AI RAG v3,,
gemini-2.0-flash,v3,step 2 - RAG top k=3 with upgrated prompt,structured,189,189,0.89024254127785,0.0134713460067334,0.141871113978695,0.0439801396723853,43.490594005339,3.69784575522528,23.0842913117989,5.13308368590879,71.5751024646551,7.69517743178261,-7.10874144143933,1.67597671899355,27.8597212494302,7.42964005729609,4.14894343739407,81.1688415665172,Open AI RAG v3,,
gemini-2.0-flash,v3,step 2 - RAG top k=3 with upgrated prompt,zeroshot,189,189,0.884902456765452,0.0131253042683989,0.101189436373208,0.0353822714074842,41.8581379210059,3.37900095546924,21.4561095666633,5.81362632121756,66.8601479134782,10.7611291395053,-7.86022804483443,1.67669677052907,31.3388145444156,7.4453104609931,3.39745683399896,84.6479348615026,Open AI RAG v3,,
gpt-4o-mini,v1,step 1 - simple prompt engineering,constraint,189,189,0.89121748625286,0.0144059624829293,0.150830787894979,0.0567767896182974,43.5239923466845,3.66093428072406,26.1006912453465,4.9715687265992,69.0658379327981,7.78833754524385,-4.93035296807068,1.45489348407902,18.1616406247653,5.9425746133907,6.32733191076272,71.4707609418523,Simple Prompt v1,Simple Prompt v1,none
gpt-4o-mini,v1,step 1 - simple prompt engineering,structured,189,189,0.868093779478124,0.0131968325490639,0.0652145489932032,0.0359475617292658,37.4681067434868,3.88541423418792,24.3934623576977,4.94078218022627,72.3349522919793,8.16802791582092,-3.72985616748972,1.63259692722947,14.081759611262,7.16536442581032,7.52782871134367,67.390879928349,Simple Prompt v1,Simple Prompt v1,none
gpt-4o-mini,v1,step 1 - simple prompt engineering,zeroshot,189,189,0.879162740455103,0.0135031589264241,0.0921215860601878,0.0418362295388939,39.6645450136157,3.89309941495029,24.8675417521643,4.91664451919923,74.6454874624299,6.44281717605641,-3.79671226343863,1.56981402239657,14.999404924878,6.78943969769484,7.46097261539476,68.308525241965,Simple Prompt v1,Simple Prompt v1,none
gpt-4o-mini,v1,step 2 - RAG top k=3,constraint,189,189,0.889397712611647,0.0193567223726511,0.155466655681049,0.0610343826945887,43.4166742991676,4.36040552430498,25.2796379119631,4.85306967462125,68.6853109677979,8.13928722345309,-4.40576540394872,1.58439110176365,16.5517657995663,6.81219156941497,6.85191947488468,69.8608861166532,Open AI RAG v2,,
gpt-4o-mini,v2,step 1 - simple prompt engineering,constraint,189,189,0.890152731585124,0.01563953289168,0.150170494793993,0.0618628605486414,43.3891565878716,4.04853873143149,26.6652444001859,5.34987877354695,71.0988173300322,7.35687862715452,-4.61800948403919,1.4331938781493,16.9741537378812,5.93367559209517,6.6396753947942,70.2832740549682,Simple Prompt v2,Simple Prompt v2,none
gpt-4o-mini,v2,step 1 - simple prompt engineering,structured,189,189,0.878245581079412,0.0136754259450856,0.0897196046349772,0.0488562969278007,39.6718271722589,4.29588589365195,26.3761288627746,5.65443936933067,74.9255086558988,6.39603746346146,-4.41189375773191,1.61550287938613,15.5187918002181,6.98918738782801,6.84579112110149,68.8279121173051,Simple Prompt v2,Simple Prompt v2,none
gpt-4o-mini,v2,step 1 - simple prompt engineering,zeroshot,189,189,0.881090896785575,0.021502145467251,0.116185385065015,0.0534448938364869,41.3127487473991,4.57889189457821,24.3108674104882,6.985004720846,67.8914162193048,9.06273215546221,-4.99614774610866,1.84811549276218,17.9347924609706,8.38803388253256,6.26153713272473,71.2439127780576,Simple Prompt v2,Simple Prompt v2,none
gpt-4o-mini,v2,step 2 - RAG top k=3,structured,189,189,0.880162522275612,0.0134964550566858,0.0977416118688012,0.0469228639200464,40.1042789725856,4.07417222729177,25.3766863232567,5.38824938740941,74.4248760025857,7.01710336403965,-3.98295284375337,1.52692367271866,14.2702409669093,6.85847934187827,7.27473203508002,67.5793612839963,Open AI RAG v2,,
gpt-4o-mini,v2,step 2 - RAG top k=3,zeroshot,189,189,0.878751914967936,0.0249584487714559,0.108442892413109,0.0501961125496447,41.0931930272299,5.12474813482146,21.3395330994217,6.26406418653721,67.5167155289116,9.1602512470309,-4.65467503088168,1.72993891605035,16.8174045172277,7.76289896668092,6.60300984795171,70.1265248343148,Open AI RAG v2,,
gpt-4o-mini,v3,BGE-RAG-full,constraint,189,189,0.894211035872263,0.0152838448967131,0.163012185745227,0.0575363553586752,43.819697773214,3.91366392651129,26.5730284282139,5.08812751270615,72.2739162453551,5.32450329456227,-4.36154442458431,1.41597175104221,16.1783160706138,5.73527632049269,6.89614045424908,69.4874363877008,BGE RAG v3,,
gpt-4o-mini,v3,BGE-RAG-full,structured,189,189,0.879473188251415,0.0162648456195781,0.0980106263549741,0.0508998580551785,39.9433261749864,4.42748107392378,29.4417042908845,37.8215331478236,74.421026752257,8.34621547668356,-3.97621812029765,1.61687942583277,14.4116868685508,7.2424992912625,7.28146675853574,67.7208071856378,BGE RAG v3,,
gpt-4o-mini,v3,BGE-RAG-full,zeroshot,189,189,0.884560735137374,0.01625786686497,0.115509244203886,0.050660911598629,41.2388213897325,4.24233665560255,26.2402184501527,6.04045419978835,73.2294957294084,6.45098448020691,-4.34428186055104,1.49397109089349,15.4433774071259,6.45469186366697,6.91340301828235,68.7524977242129,BGE RAG v3,,
gpt-4o-mini,v3,E5-RAG-full,constraint,189,189,0.893388334720854,0.0165022261925391,0.163739627858616,0.0604430067536205,43.7956713877123,3.97223985244474,26.893186226093,5.34821942137313,72.0369253016803,6.00562598582923,-4.29008819831116,1.32746134286326,15.872103270879,5.37526875505778,6.96759668052224,69.181223587966,E5 RAG v3,,
gpt-4o-mini,v3,E5-RAG-full,structured,189,189,0.881027975095012,0.0151209578528405,0.101050132616627,0.051114090706221,40.2518563696867,4.26203259566833,26.3136554647375,5.41983676147882,74.2829921831257,6.24464126352271,-3.94480522682459,1.53149420125636,14.1791305227905,6.55797160359803,7.31287965200881,67.4882508398775,E5 RAG v3,,
gpt-4o-mini,v3,E5-RAG-full,zeroshot,189,189,0.883672788975731,0.0197670109640701,0.115770074724354,0.0536407524723344,41.2916810659347,4.50139960276479,25.8351942496325,6.45096538441971,72.6843757695713,7.23035771084008,-4.36300814997044,1.50221400096407,15.4948561417515,6.50793726106146,6.89467672886295,68.8039764588385,E5 RAG v3,,
gpt-4o-mini,v3,step 2 - RAG top k=3 with upgrated prompt,constraint,189,189,0.893987641132698,0.0153972682926357,0.161128493844389,0.0592346678586862,43.776055995359,3.88723726491498,26.5561441340774,5.13698030533808,72.3764120463956,6.12105034575539,-4.27693236846759,1.40319221426711,15.8463158786696,5.83944504462569,6.9807525103658,69.1554361957567,Open AI RAG v3,,
gpt-4o-mini,v3,step 2 - RAG top k=3 with upgrated prompt,structured,189,189,0.880589370689695,0.0152082269431474,0.10055162338205,0.0476444657977452,40.190678577315,4.31706219049868,26.0737595230183,5.17300811412849,74.9947158699988,5.72372670910716,-3.93711763044038,1.50758659098293,14.2368668704297,6.53397894402693,7.32056724839301,67.5459871875167,Open AI RAG v3,,
gpt-4o-mini,v3,step 2 - RAG top k=3 with upgrated prompt,zeroshot,189,189,0.885237391663607,0.0163955324188685,0.116854617581787,0.0529238587093215,41.5042372737275,4.19395281791821,25.8446550419722,5.73914896006737,71.9633217362014,6.98176704549242,-4.42555190679487,1.49385760698413,15.8739032821669,6.22402603307083,6.83213297203852,69.1830235992539,Open AI RAG v3,,
llama3.2,v1,step 1 - simple prompt engineering,constraint,189,189,0.853160759128591,0.0111186940318554,0.0328070567929388,0.0207582988254406,34.2021644848234,3.31952168794659,31.1917135753329,9.7454328879804,69.4479093402711,10.2912273294577,-4.1903145231523,1.94181382328546,16.7515512324015,8.75008138582147,7.06737035568109,70.0606715494885,Simple Prompt v1,Simple Prompt v1,none
llama3.2,v1,step 1 - simple prompt engineering,structured,189,189,0.845028754895326,0.0113322324806485,0.0376326172793662,0.0230240521683888,34.1293199461396,3.20479603322852,26.8353888597438,6.87105804690458,64.7187244179606,13.8036044746933,-3.01580680220788,2.28081167234223,11.2593747015817,9.99872908464966,8.24187807662551,64.5684950186687,Simple Prompt v1,Simple Prompt v1,none
llama3.2,v1,step 1 - simple prompt engineering,zeroshot,189,189,0.849663699745501,0.0105230322786785,0.0321627410374018,0.0193658492533879,34.0368986227363,3.1793796750973,24.3047611801713,5.51674040751083,73.9136697599384,7.87463418114526,-3.40862123615854,1.89791823974218,14.5926444645229,8.67073244049492,7.84906364267485,67.9017647816099,Simple Prompt v1,Simple Prompt v1,none
llama3.2,v1,step 2 - RAG top k=3,constraint,40,40,0.795478187501431,0.00902332078099127,0.00280338004157874,0.00231534354877845,28.6233056534009,2.72306782326442,24.3571670293808,11.4390744326149,37.1557036205442,14.494808792133,2.41850345772108,4.83935266027462,-16.3688339431449,18.9520251049529,13.9707635868179,36.2700190747311,Open AI RAG v2,,
llama3.2,v2,step 1 - simple prompt engineering,constraint,189,188,0.85971869813635,0.0122602945559775,0.0333804191250878,0.0262662094047134,34.3057905908562,3.61505248058993,31.5513607491838,8.56233746957589,72.6426379209539,7.17137712972694,-3.9939111329211,2.05762901171841,15.0178300809426,9.1573851336072,7.27780966284186,68.2788042757086,Simple Prompt v2,Simple Prompt v2,none
llama3.2,v2,step 1 - simple prompt engineering,structured,189,189,0.859322782862123,0.0122991436881755,0.0407626521770159,0.0259257231237974,34.9449346575756,3.56356686356418,31.4311096504252,9.56216397699705,69.4367252256373,9.24069803960111,-3.63011426999049,1.92527435057381,12.9307822568811,8.71823755526151,7.62757060884291,66.2399025739681,Simple Prompt v2,Simple Prompt v2,none
llama3.2,v2,step 1 - simple prompt engineering,zeroshot,189,186,0.851166323628477,0.0164171081064052,0.031309926497056,0.0220164907991314,33.962222892433,3.75264191273807,31.1633120813677,10.5546673066143,65.6334683134228,13.4770538643138,-4.07160816608802,1.9489720939385,14.9105390867302,8.92543085269062,7.19145586268533,68.160800487269,Simple Prompt v2,Simple Prompt v2,none
llama3.2,v2,step 2 - RAG top k=3,structured,40,40,0.795190770924091,0.00836905464711323,0.00322053223361317,0.00234231551977708,28.7493995047064,2.98308552829663,23.9219866991043,8.27530113946124,37.6386978186504,11.5223039265098,4.27366743730985,13.3090687424995,-22.8980459410259,38.3058045518695,15.8259275664066,29.7408070768501,Open AI RAG v2,,
llama3.2,v2,step 2 - RAG top k=3,zeroshot,40,40,0.79432036280632,0.010175477107086,0.00289940577973722,0.00215128770598494,28.6189392597879,3.30484159568935,24.3644759654999,11.8067698045456,39.4251968581315,15.0100718033273,2.18685929523877,5.94575894545968,-15.6080434671007,22.9616953156042,13.7391194243356,37.0308095507752,Open AI RAG v2,,
llama3.2,v3,BGE-RAG-full,constraint,40,40,0.792888437211513,0.0105393261486823,0.00288826350958697,0.00238124141998133,28.5564583349409,2.63156343801276,26.3852390408516,12.0996660388941,34.154513243807,17.6289019268974,3.11654672259999,7.69655876371853,-16.857189458826,22.4831023157442,14.6688068516968,35.7816635590499,BGE RAG v3,,
llama3.2,v3,BGE-RAG-full,structured,40,40,0.795337238907814,0.0103728077366794,0.00286549337778161,0.00346846475629289,28.3795270384592,3.02055567556215,25.2912973880768,10.9965746968697,38.9270719907435,12.9242404943763,2.3605725773064,3.71645568221847,-16.6820583039625,16.7397696692629,13.9128327064032,35.9567947139134,BGE RAG v3,,
llama3.2,v3,BGE-RAG-full,zeroshot,40,40,0.795408314466476,0.00948136351154426,0.00350552698807886,0.00382746614550844,28.6262345106422,2.7212736832764,24.0138180017471,7.92680749028333,37.7406171234292,15.2061404959995,3.66082789156426,12.6108696215385,-19.5885900023084,31.8640910713467,15.213088020661,33.0502630155675,BGE RAG v3,,
llama3.2,v3,E5-RAG-full,constraint,40,40,0.793538200855255,0.0091718301748979,0.00263815627727793,0.00145611583701904,28.5976463126779,2.78899842258008,25.1898367881775,8.8619546167625,37.1067932276149,17.5219876935375,1.31208548042951,2.96402585610577,-12.7066177044947,16.1479936111439,12.8643456095263,39.9322353133813,E5 RAG v3,,
llama3.2,v3,E5-RAG-full,structured,40,40,0.794064739346504,0.0068430448504207,0.00321995395129958,0.00259751103585046,28.5480459307118,2.83333181619757,26.1806301355362,10.9938816960292,37.2557258945794,14.846581390716,4.2380911165934,13.0809463225147,-20.5195540120701,35.8229942805859,15.7903512456902,32.1192990058058,E5 RAG v3,,
llama3.2,v3,E5-RAG-full,zeroshot,40,40,0.792442581057549,0.0107775713888956,0.00280833865048356,0.00189972652955081,28.4556391817682,2.88291970721459,24.3978807926178,9.96837267696536,36.4947849078079,14.1448564573006,1.70304058428778,2.59711868852396,-16.6654183329375,14.7700254979426,13.2553007133846,35.9734346849385,E5 RAG v3,,
llama3.2,v3,step 2 - RAG top k=3 with upgrated prompt,constraint,40,40,0.793840196728706,0.0107560242577526,0.00282312138866718,0.00220734940710954,28.5270875377328,3.07179715994706,23.5094536781311,9.72731491695685,35.9221369091454,16.5815025707789,2.38071042980283,5.73877779716051,-15.9316289818241,20.1997302104571,13.9329705588996,36.7072240360519,Open AI RAG v3,,
llama3.2,v3,step 2 - RAG top k=3 with upgrated prompt,structured,40,40,0.795241411030293,0.00885382038190509,0.00299702443365288,0.00194239800470554,28.6894215926107,2.87589229937816,23.1955215930939,10.9381786488689,40.7131017929336,12.8128952095073,1.06679613104129,3.17862468850371,-12.2822368963451,17.5073352370393,12.6190562601381,40.3566161215308,Open AI RAG v3,,
llama3.2,v3,step 2 - RAG top k=3 with upgrated prompt,zeroshot,40,40,0.795078986883163,0.00964467919176245,0.00320813940652872,0.0018419434163057,28.7346313271809,2.97409020659438,23.6172737121582,6.66462331256431,38.1660114163507,14.7735080837505,1.07000137799986,3.02027371021253,-11.8115063311393,16.9429856240009,12.6222615070966,40.8273466867367,Open AI RAG v3,,
sonar,v1,step 1 - simple prompt engineering,constraint,189,189,0.856193611861537,0.0194255480599014,0.117745259459526,0.0694942958982901,39.8865295278184,4.0227171739598,28.0359024522166,12.6850222256905,31.2488231844161,18.079541887357,-6.79590900331268,1.85051853204851,23.458662665685,8.20269069361294,4.46177587552071,76.767782982772,Simple Prompt v1,Simple Prompt v1,none
sonar,v1,step 1 - simple prompt engineering,structured,189,189,0.853939896538144,0.0150310715840091,0.036844009973411,0.0289621571979466,35.4406170671632,3.72117120738217,38.3421101645818,11.7059322540906,52.5467417469038,15.713425630527,-6.68544341038675,2.26518930265497,25.9463056193068,10.6087662441439,4.57224146844665,79.2554259363938,Simple Prompt v1,Simple Prompt v1,none
sonar,v1,step 1 - simple prompt engineering,zeroshot,189,189,0.867070862855861,0.0159234570641379,0.0584924186296133,0.0343212530640027,37.4492597839709,3.84219547554268,40.8701215774294,12.1118965408432,54.8959289675954,14.1922006193966,-6.81424879871515,2.550647372061,26.8780922998623,11.0957559738111,4.44343608011824,80.1872126169493,Simple Prompt v1,Simple Prompt v1,none
sonar,v1,step 2 - RAG top k=3,constraint,189,189,0.871613184926371,0.0396944804332149,0.15631863953155,0.0994149981908053,40.381176272143,6.88120067488096,36.5376073241865,12.4658485099557,41.2732340536884,14.629346538051,-4.89734916619122,4.17656667156223,15.7210712207059,17.8096899346169,6.36033571264218,69.0301915377929,Open AI RAG v2,,
sonar,v2,step 1 - simple prompt engineering,constraint,189,189,0.86674087356638,0.0210516202959422,0.139036092591531,0.0769094345921974,40.9294557170688,4.54648503930725,28.4356645503372,13.4041452970129,39.559245881774,21.4369097246473,-6.8584047461609,2.08693243803397,24.4774424393194,8.67032952274202,4.39928013267249,77.7865627564064,Simple Prompt v2,Simple Prompt v2,none
sonar,v2,step 1 - simple prompt engineering,structured,189,189,0.860195031557134,0.0201457337047303,0.0587619443742474,0.0384728764822129,37.4714375397323,4.43341004409778,38.4653895796922,13.9072250872579,45.8237371358175,18.7535356709347,-7.28833267750659,2.1760498801667,27.2189286870952,9.34300497831038,3.96935220132681,80.5280490041822,Simple Prompt v2,Simple Prompt v2,none
sonar,v2,step 1 - simple prompt engineering,zeroshot,189,189,0.874317011820576,0.0168790372346701,0.0941905380903174,0.05739390975454,39.3706608571142,4.26479959245719,44.0382614690791,15.3918059227042,42.6440863713938,19.0252836056082,-7.28098215848047,2.01425495999465,27.0016412447964,9.07647996744128,3.97670272035293,80.3107615618834,Simple Prompt v2,Simple Prompt v2,none
sonar,v2,step 2 - RAG top k=3,structured,189,189,0.867262247062865,0.0354282634123723,0.0993902986754818,0.0715518185439505,39.1676206738811,6.18718353404359,39.7971707803232,13.3936461586337,46.3020438060589,16.4115320517362,-5.59196285619998,3.95471859488267,19.5291787366459,16.4130617593491,5.66572202263342,72.8382990537329,Open AI RAG v2,,
sonar,v2,step 2 - RAG top k=3,zeroshot,189,189,0.875506849831374,0.0346549769727131,0.127669413369124,0.0800734859722065,40.3264129772436,6.03925083883891,42.4085912805386,13.8323418713203,43.3767571822935,14.83560163293,-5.52611878252662,4.47374154684966,19.7931778083602,17.7279151828556,5.73156609630678,73.1022981254471,Open AI RAG v2,,
sonar,v3,BGE-RAG-full,constraint,189,189,0.890353535533582,0.020982870145427,0.167520062478136,0.0686084708351753,42.2334824171134,4.8289172592559,40.4443018423817,13.3334476096677,49.2680577689813,16.8800310023182,-6.23999088729047,2.26171495177165,21.3481744241221,9.68017864862962,5.01769399154292,74.6572947412091,BGE RAG v3,,
sonar,v3,BGE-RAG-full,structured,189,189,0.879058633531843,0.0299311728803573,0.121092472990336,0.0663630553236603,40.8011518565201,5.44037152357747,40.1205405280704,12.0945730967524,52.2941048927981,15.3410653737684,-6.23541208961124,3.09685263208419,21.8861953789125,13.8880938769771,5.02227278922216,75.1953156959995,BGE RAG v3,,
sonar,v3,BGE-RAG-full,zeroshot,189,189,0.883203340901269,0.0277573145706919,0.137811250021351,0.0710339832919291,41.3471709726115,4.8478524572482,44.0264725458054,13.9537736941368,48.317252857329,16.5360875931719,-6.39860436572875,2.92800777454999,23.2733041770961,12.4595118203172,4.85908051310464,76.5824244941831,BGE RAG v3,,
sonar,v3,E5-RAG-full,constraint,189,189,0.888136906598611,0.0242767877304888,0.165250786644884,0.0817745011212911,42.1936910574624,4.69086916962764,40.6544872162834,13.154117186907,48.4097099119713,16.6591711390829,-6.27950287888243,2.45767724841653,21.6398918782901,10.2565929588566,4.97818199995097,74.949012195377,E5 RAG v3,,
sonar,v3,E5-RAG-full,structured,189,189,0.879646990034315,0.0280425967383052,0.124975853907352,0.0668035548597338,40.9713243968415,5.14131924625871,40.00240448543,13.4285672997985,52.4680081405173,16.4911122558964,-6.28870048051681,3.20122872573384,22.3192453666539,13.3619808073692,4.96898439831658,75.6283656837409,E5 RAG v3,,
sonar,v3,E5-RAG-full,zeroshot,189,189,0.882731587483139,0.0259914325645107,0.135695484618107,0.0738826947776527,41.1326311436159,4.98183715708785,43.4596931215317,13.4525133858252,50.4130805846494,16.4126834354374,-6.33738520308579,2.91748464583029,22.784928009676,12.667121790969,4.92029967574761,76.094048326763,E5 RAG v3,,
sonar,v3,step 2 - RAG top k=3 with upgrated prompt,constraint,189,189,0.890700747727086,0.0206637908816849,0.170340007616635,0.0768760469327281,42.2861031709556,4.79956857045946,39.9072646186465,12.9355308989994,49.6521684420402,16.7369037066905,-6.23265639619901,2.27988486226517,21.3280949158876,9.40727243645098,5.02502848263439,74.6372152329747,Open AI RAG v3,,
sonar,v3,step 2 - RAG top k=3 with upgrated prompt,structured,189,189,0.876784720118084,0.0308065674733444,0.114612411517324,0.0666222973112389,40.3483545562579,5.89532223470104,41.0633085745352,12.7939546502678,50.8307184532671,16.1868964198115,-6.11280389471461,3.24983456246693,21.6065930841524,14.056699275734,5.14488098411878,74.9157134012394,Open AI RAG v3,,
sonar,v3,step 2 - RAG top k=3 with upgrated prompt,zeroshot,189,189,0.882221695291933,0.0288090661401921,0.134523167754421,0.0754374719018179,40.9610376956631,5.24605731005713,43.9257503186584,13.3748418559877,48.3410951834186,16.588229368157,-6.13673046223095,2.93674878369033,21.8648252762094,12.4714115314861,5.12095441660245,75.1739455932964,Open AI RAG v3,,
